<model>
    <mount>//OPNsense/OpenVPNExport</mount>
    <version>0.0.1</version>
    <description>OpenVPN export presets</description>
    <items>
        <servers>
            <server type="ArrayField">
                <vpnid type="IntegerField">
                    <Required>Y</Required>
                </vpnid>
                <hostname type="HostnameField">
                    <Required>Y</Required>
                    <AsList>Y</AsList>
                    <FieldSeparator>,</FieldSeparator>
                </hostname>
                <template type="TextField"/>
                <local_port type="IntegerField">
                    <MinimumValue>1</MinimumValue>
                    <MaximumValue>65535</MaximumValue>
                    <ValidationMessage>Port needs to be an integer value between 1 and 65535</ValidationMessage>
                </local_port>
                <random_local_port type="BooleanField">
                    <default>1</default>
                    <Required>Y</Required>
                </random_local_port>
                <validate_server_cn type="BooleanField">
                    <default>1</default>
                    <Required>Y</Required>
                </validate_server_cn>
                <cryptoapi type="BooleanField">
                    <default>0</default>
                    <Required>N</Required>
                </cryptoapi>
                <auth_nocache type="BooleanField">
                    <default>0</default>
                    <Required>N</Required>
                </auth_nocache>
                <plain_config type="TextField"/>
            </server>
        </servers>
    </items>
</model>
