<model>
    <mount>//OPNsense/Firewall/Lvtemplate</mount>
    <version>0.0.1</version>
    <description>Firewall Live View filter templates</description>
    <items>
        <templates>
            <template type="ArrayField">
                <name type="TextField">
                    <Required>Y</Required>
                    <mask>/^.{1,255}$/u</mask>
                    <ValidationMessage>Should be a string between 1 and 255 characters.</ValidationMessage>
                </name>
                <or type="BooleanField">
                    <default>0</default>
                    <Required>Y</Required>
                </or>
                <filters type="CSVListField">
                    <Required>Y</Required>
                </filters>
            </template>
        </templates>
    </items>
</model>
