<model>
    <mount>//system/backup/nextcloud</mount>
    <version>1.0.0</version>
    <description>OPNsense Nextcloud Backup Settings</description>
    <items>
        <enabled type="BooleanField">
          <default>0</default>
          <Required>Y</Required>
        </enabled>
        <url type="TextField">
            <Required>N</Required>
            <mask>/^https?:\/\/.*[^\/]$/</mask>
            <ValidationMessage>The url must be valid without a trailing slash. For example: https://nextcloud.example.com or https://example.com/nextcloud</ValidationMessage>
            <Constraints>
                <check001>
                    <ValidationMessage>An URL for the Nextcloud server must be set.</ValidationMessage>
                    <type>DependConstraint</type>
                    <addFields>
                        <field1>enabled</field1>
                    </addFields>
                </check001>
            </Constraints>
        </url>
        <user type="TextField">
            <Constraints>
                <check001>
                    <ValidationMessage>An user for the Nextcloud server must be set.</ValidationMessage>
                    <type>DependConstraint</type>
                    <addFields>
                        <field1>enabled</field1>
                    </addFields>
                </check001>
            </Constraints>
        </user>
        <password type="TextField">
            <Constraints>
                <check001>
                    <ValidationMessage>A password for a Nextcloud server must be set.</ValidationMessage>
                    <type>DependConstraint</type>
                    <addFields>
                        <field1>enabled</field1>
                    </addFields>
                </check001>
            </Constraints>
        </password>
        <password_encryption type="TextField">
            <Required>N</Required>
        </password_encryption>
        <backupdir type="TextField">
            <Required>Y</Required>
            <mask>/^([\w%+\-]+\/)*[\w+%\-]+$/</mask>
            <default>OPNsense-Backup</default>
            <ValidationMessage>The Backup Directory can only consist of alphanumeric characters, dash, underscores and slash. No leading or trailing slash.</ValidationMessage>
        </backupdir>
    </items>
</model>
