<model>
    <mount>//OPNsense/Interfaces/loopbacks</mount>
    <version>1.0.0</version>
    <description>
        VXLAN configuration
    </description>
    <items>
        <loopback type="ArrayField">
            <deviceId type="AutoNumberField">
                <Required>Y</Required>
                <MinimumValue>1</MinimumValue>
            </deviceId>
            <description type="TextField">
                <Required>Y</Required>
                <mask>/^([\t\n\v\f\r 0-9a-zA-Z.\-,_\x{00A0}-\x{FFFF}]){1,255}$/u</mask>
                <ValidationMessage>Description should be a string between 1 and 255 characters</ValidationMessage>
            </description>
        </loopback>
    </items>
</model>
