<model>
    <mount>//OPNsense/IPsec</mount>
    <version>1.0.0</version>
    <description>
        OPNsense IPsec
    </description>
    <items>
        <general>
            <enabled type="LegacyLinkField">
                <Source>ipsec.enable</Source>
            </enabled>
        </general>
        <keyPairs>
            <keyPair type="ArrayField">
                <name type="TextField">
                    <Required>Y</Required>
                </name>
                <keyType type="OptionField">
                    <Required>Y</Required>
                    <default>rsa</default>
                    <OptionValues>
                        <rsa>RSA</rsa>
                    </OptionValues>
                </keyType>
                <publicKey type="TextField">
                    <Required>Y</Required>
                </publicKey>
                <privateKey type="TextField">
                    <Required>N</Required>
                </privateKey>
                <keySize type="IntegerField"/>
                <keyFingerprint type="TextField"/>
            </keyPair>
        </keyPairs>
    </items>
</model>
