<model>
    <mount>//OPNsense/IDS</mount>
    <version>1.0.6</version>
    <description>
        OPNsense IDS
    </description>
    <items>
        <rules>
            <rule type="ArrayField">
                <sid type="IntegerField">
                    <ValidationMessage>Sid should be a number.</ValidationMessage>
                    <Required>Y</Required>
                </sid>
                <enabled type="BooleanField">
                    <default>1</default>
                    <Required>Y</Required>
                </enabled>
                <action type="OptionField">
                    <Required>Y</Required>
                    <default>alert</default>
                    <OptionValues>
                        <alert>Alert</alert>
                        <drop>Drop</drop>
                    </OptionValues>
                </action>
            </rule>
        </rules>
        <policies>
            <policy type="ArrayField">
                <enabled type="BooleanField">
                    <default>1</default>
                    <Required>Y</Required>
                </enabled>
                <prio type="IntegerField">
                    <ValidationMessage>Priority should be a number.</ValidationMessage>
                    <Required>Y</Required>
                    <default>0</default>
                </prio>
                <action type="OptionField">
                    <multiple>Y</multiple>
                    <OptionValues>
                        <disable>Disabled</disable>
                        <alert>Alert</alert>
                        <drop>Drop</drop>
                    </OptionValues>
                </action>
                <rulesets type="ModelRelationField">
                    <Model>
                        <rulesets>
                            <source>OPNsense.IDS.IDS</source>
                            <items>files.file</items>
                            <display>filename</display>
                            <filters>
                                <enabled>/1/</enabled>
                            </filters>
                        </rulesets>
                    </Model>
                    <multiple>Y</multiple>
                    <ValidationMessage>Related ruleset not found.</ValidationMessage>
                    <Required>N</Required>
                </rulesets>
                <content type=".\PolicyContentField">
                    <multiple>Y</multiple>
                    <Required>N</Required>
                    <ValidationMessage>Policy rule not found.</ValidationMessage>
                </content>
                <new_action type="OptionField">
                    <Required>Y</Required>
                    <default>alert</default>
                    <OptionValues>
                        <default>Default</default>
                        <alert>Alert</alert>
                        <drop>Drop</drop>
                        <disable>Disable</disable>
                    </OptionValues>
                </new_action>
                <description type="TextField">
                    <Required>N</Required>
                    <mask>/^(.){1,255}$/u</mask>
                    <ValidationMessage>Description should be a string between 1 and 255 characters</ValidationMessage>
                </description>
            </policy>
        </policies>
        <userDefinedRules>
            <rule type="ArrayField">
                <!--user defined rules -->
                <enabled type="BooleanField">
                    <default>1</default>
                    <Required>Y</Required>
                </enabled>
                <source type="NetworkField">
                    <Required>N</Required>
                </source>
                <destination type="NetworkField">
                    <Required>N</Required>
                </destination>
                <fingerprint type="TextField">
                    <Required>N</Required>
                    <mask>/^([0-9a-fA-F:]){59,59}$/u</mask>
                    <ValidationMessage>A SSL fingerprint should be a 59 character long hex value.</ValidationMessage>
                </fingerprint>
                <description type="TextField">
                    <Required>Y</Required>
                    <mask>/^([\t\n\v\f\r 0-9a-zA-Z.\-,_\x{00A0}-\x{FFFF}]){1,255}$/u</mask>
                    <ValidationMessage>Description should be a string between 1 and 255 characters.</ValidationMessage>
                </description>
                <action type="OptionField">
                    <Required>Y</Required>
                    <default>alert</default>
                    <OptionValues>
                        <alert>Alert</alert>
                        <drop>Drop</drop>
                        <pass>Pass</pass>
                    </OptionValues>
                </action>
            </rule>
        </userDefinedRules>
        <files>
            <file type="ArrayField">
                <filename type="TextField">
                    <Required>Y</Required>
                    <mask>/^([\t\n\v\f\r\- 0-9a-zA-Z.,_\x{00A0}-\x{FFFF}]){1,255}$/u</mask>
                </filename>
                <enabled type="BooleanField">
                    <default>0</default>
                    <Required>Y</Required>
                </enabled>
            </file>
        </files>
        <fileTags>
            <tag type="ArrayField">
              <property type="TextField">
                  <Required>Y</Required>
                  <mask>/^([\t\n\v\f\r\- 0-9a-zA-Z.,_\x{00A0}-\x{FFFF}]){1,255}$/u</mask>
              </property>
              <value type="TextField">
                  <Required>N</Required>
                  <mask>/^([\t\n\v\f\r\- 0-9a-zA-Z.,_\x{00A0}-\x{FFFF}]){1,255}$/u</mask>
              </value>
            </tag>
        </fileTags>
        <general>
            <enabled type="BooleanField">
                <default>0</default>
                <Required>Y</Required>
            </enabled>
            <ips type="BooleanField">
                <default>0</default>
                <Required>Y</Required>
            </ips>
            <promisc type="BooleanField">
                <default>0</default>
                <Required>Y</Required>
            </promisc>
            <interfaces type="InterfaceField">
                <Required>Y</Required>
                <default>wan</default>
                <multiple>Y</multiple>
                <AddParentDevices>Y</AddParentDevices>
                <filters>
                    <enable>/^(?!0).*$/</enable>
                    <type>/(?s)^((?!group).)*$/</type>
                </filters>
            </interfaces>
            <homenet type="NetworkField">
                <Required>N</Required>
                <FieldSeparator>,</FieldSeparator>
                <default>192.168.0.0/16,10.0.0.0/8,172.16.0.0/12</default>
                <asList>Y</asList>
            </homenet>
            <defaultPacketSize type="IntegerField">
                <Required>N</Required>
                <MinimumValue>82</MinimumValue>
                <MaximumValue>65535</MaximumValue>
                <ValidationMessage>Enter a valid packet size</ValidationMessage>
            </defaultPacketSize>
            <UpdateCron type="ModelRelationField">
                <Model>
                    <queues>
                        <source>OPNsense.Cron.Cron</source>
                        <items>jobs.job</items>
                        <display>description</display>
                        <filters>
                            <origin>/IDS/</origin>
                        </filters>
                    </queues>
                </Model>
                <ValidationMessage>Related cron not found.</ValidationMessage>
                <Required>N</Required>
            </UpdateCron>
            <AlertLogrotate type="OptionField">
              <Required>N</Required>
              <default>W0D23</default>
              <BlankDesc>Default</BlankDesc>
              <OptionValues>
                  <W0D23>Weekly</W0D23>
                  <D0>Daily</D0>
              </OptionValues>
              <ValidationMessage>Please select a valid rotation</ValidationMessage>
            </AlertLogrotate>
            <AlertSaveLogs type="IntegerField">
                <Required>N</Required>
                <default>4</default>
                <MinimumValue>1</MinimumValue>
                <MaximumValue>1000</MaximumValue>
                <ValidationMessage>Enter a valid number of logs to save</ValidationMessage>
            </AlertSaveLogs>
            <MPMAlgo type="OptionField">
              <Required>N</Required>
              <default>ac</default>
              <BlankDesc>Default</BlankDesc>
              <OptionValues>
                  <ac>Aho-Corasick</ac>
                  <ac-bs>Aho-Corasick, reduced memory implementation</ac-bs>
                  <ac-ks>Aho-Corasick, "Ken Steele" variant</ac-ks>
                  <hs>Hyperscan</hs>
              </OptionValues>
              <ValidationMessage>Please select a valid pattern matcher algorithm</ValidationMessage>
            </MPMAlgo>
            <detect>
              <Profile type="OptionField">
                <Required>N</Required>
                <default>medium</default>
                <BlankDesc>Default</BlankDesc>
                <OptionValues>
                    <low>Low</low>
                    <medium>Medium</medium>
                    <high>High</high>
                    <custom>Custom</custom>
                </OptionValues>
                <ValidationMessage>Please select a valid detection profile</ValidationMessage>
              </Profile>
              <toclient_groups type="IntegerField">
                  <Required>N</Required>
                  <MinimumValue>0</MinimumValue>
                  <MaximumValue>65535</MaximumValue>
                  <ValidationMessage>Enter a valid toclient-groups size</ValidationMessage>
              </toclient_groups>
              <toserver_groups type="IntegerField">
                  <Required>N</Required>
                  <MinimumValue>0</MinimumValue>
                  <MaximumValue>65535</MaximumValue>
                  <ValidationMessage>Enter a valid toserver-groups size</ValidationMessage>
              </toserver_groups>
            </detect>
            <syslog type="BooleanField">
                <default>0</default>
                <Required>Y</Required>
            </syslog>
            <syslog_eve type="BooleanField">
                <default>0</default>
                <Required>Y</Required>
            </syslog_eve>
            <LogPayload type="BooleanField">
                <default>0</default>
                <Required>Y</Required>
            </LogPayload>
        </general>
    </items>
</model>
