<firmware>
    <mirrors allow_custom="true">
        <mirror>
            <url/>
            <description>(default)</description>
        </mirror>
        <mirror>
            <url>https://mirrors.dotsrc.org/opnsense</url>
            <description>Aalborg University (HTTPS, Aalborg, DK)</description>
        </mirror>
        <mirror>
            <url>https://opnsense.aivian.org</url>
            <description>Aivian (HTTPS, Shaoxing, CN)</description>
        </mirror>
        <mirror has_subscription="true">
            <url>https://opnsense-update.deciso.com</url>
            <description>Deciso (HTTPS, NL, Commercial)</description>
        </mirror>
        <mirror>
            <url>https://mirror.dns-root.de/opnsense</url>
            <description>dns-root.de (HTTPS, Cloudflare CDN)</description>
        </mirror>
        <mirror>
            <url>https://opnsense.c0urier.net</url>
            <description>c0urier.net (HTTPS, Lund, SE)</description>
        </mirror>
        <mirror>
            <url>https://mirror.cloudfence.com.br/opnsense</url>
            <description>Cloudfence (HTTPS, Sao Paulo, Brazil)</description>
        </mirror>
        <mirror>
            <url>https://ftp.yzu.edu.tw/opnsense</url>
            <description>Dept. of CSE, Yuan Ze University (HTTPS, Taoyuan City, TW)</description>
        </mirror>
        <mirror>
            <url>https://fourdots.com/mirror/OPNSense</url>
            <description>FourDots (HTTPS, Belgrade, RS)</description>
        </mirror>
        <mirror>
            <url>http://mirror.as24220.net/opnsense</url>
            <description>Hostcentral (HTTP, Melbourne, Australia)</description>
        </mirror>
        <mirror>
            <url>https://opnsense-mirror.hiho.ch</url>
            <description>HiHo (HTTPS, Zurich, CH)</description>
        </mirror>
        <mirror>
            <url>https://mirror-opnsense.serverbase.ch</url>
            <description>ServerBase AG (HTTPS, Zurich, CH)</description>
        </mirror>
        <mirror>
            <url>http://mirror.ams1.nl.leaseweb.net/opnsense</url>
            <description>LeaseWeb (HTTP, Amsterdam, NL)</description>
        </mirror>
        <mirror>
            <url>http://mirror.fra10.de.leaseweb.net/opnsense</url>
            <description>LeaseWeb (HTTP, Frankfurt, DE)</description>
        </mirror>
        <mirror>
            <url>http://mirror.sfo12.us.leaseweb.net/opnsense</url>
            <description>LeaseWeb (HTTP, San Francisco, US)</description>
        </mirror>
        <mirror>
            <url>http://mirror.wdc1.us.leaseweb.net/opnsense</url>
            <description>LeaseWeb (HTTP, Washington, D.C., US)</description>
        </mirror>
        <mirror>
           <url>http://quantum-mirror.hu/mirrors/pub/opnsense</url>
           <description>Quantum Mirror (HTTP, Hungary, HU)</description>
        </mirror>
        <mirror>
            <url>http://mirror.marwan.ma/opnsense/</url>
            <description>MARWAN (HTTP, Rabat, MA)</description>
        </mirror>
        <mirror>
            <url>http://mirrors.nycbug.org/pub/opnsense</url>
            <description>NYC*BUG (HTTP, New York, US)</description>
        </mirror>
        <mirror>
            <url>https://pkg.opnsense.org</url>
            <description>OPNsense (HTTPS, Amsterdam, NL)</description>
        </mirror>
        <mirror>
            <url>http://mirror.terrahost.no/opnsense</url>
            <description>TerraHost (HTTP, Sandefjord, Norway)</description>
        </mirror>
        <mirror>
            <url>http://mirror.upb.edu.co/opnsense</url>
            <description>Universidad Pontificia Bolivariana (HTTP, Medellin, CO)</description>
        </mirror>
        <mirror>
            <url>https://www.mirrorservice.org/sites/opnsense.org</url>
            <description>University of Kent (HTTPS, Kent, GB)</description>
        </mirror>
        <mirror>
            <url>http://mirror.venturasystems.tech/opnsense</url>
            <description>Ventura Systems (HTTP, Medellin, CO)</description>
        </mirror>
        <mirror>
            <url>http://mirror.wjcomms.co.uk/opnsense</url>
            <description>WJComms (HTTP, London, GB)</description>
        </mirror>
    </mirrors>
    <flavours allow_custom="true">
        <flavour>
            <name/>
            <description>(default)</description>
        </flavour>
        <flavour>
            <name>libressl</name>
            <description>LibreSSL</description>
        </flavour>
        <flavour has_subscription="true">
            <name>latest</name>
            <description>OpenSSL</description>
        </flavour>
    </flavours>
    <families>
        <family has_subscription="true">
            <name>business</name>
            <description>Business</description>
        </family>
        <family>
            <name/>
            <description>Community</description>
        </family>
        <family>
            <name>devel</name>
            <description>Development</description>
        </family>
    </families>
</firmware>
